date,channel_id,video_id,video_thumbnail_impressions,video_thumbnail_impressions_ctr
20261006,UCQSRoPMrDaalNUMJl_R-3mg,1jtYu4dak1M,31,0
20261006,UCQSRoPMrDaalNUMJl_R-3mg,9eiX84Ik1Sc,2,0
20261006,UCQSRoPMrDaalNUMJl_R-3mg,AcL4RwsVa_w,1,0
20261006,UCQSRoPMrDaalNUMJl_R-3mg,G9prufp3wZo,52,0
20261006,UCQSRoPMrDaalNUMJl_R-3mg,GLu8XkxtLyw,9,0
20261006,UCQSRoPMrDaalNUMJl_R-3mg,J0xDu3DEv9U,2,0
20261006,UCQSRoPMrDaalNUMJl_R-3mg,RvEDMoP2gUk,7,0
20261006,UCQSRoPMrDaalNUMJl_R-3mg,SAcFbGY0KBg,2,0.5
20261006,UCQSRoPMrDaalNUMJl_R-3mg,S_An9KcvvCo,13,0.15384615384615385
20261006,UCQSRoPMrDaalNUMJl_R-3mg,_fudGWs5yJU,9,0
20261006,UCQSRoPMrDaalNUMJl_R-3mg,e_-1ahYxQyM,23,0
20261006,UCQSRoPMrDaalNUMJl_R-3mg,gLsAHjg0iEI,35,0
20261006,UCQSRoPMrDaalNUMJl_R-3mg,lgpGaCCrv3Q,3,0
20261006,UCQSRoPMrDaalNUMJl_R-3mg,sWk_a6nsfpw,55,0
20261006,UCQSRoPMrDaalNUMJl_R-3mg,u85gqwGrrZo,2,0
20261006,UCQSRoPMrDaalNUMJl_R-3mg,wIjpa2amtsw,2,0
20261006,UCQSRoPMrDaalNUMJl_R-3mg,xra1KWBfC7A,5,0
